MedicineID,Name,Revenue
M007,Med_07,13954.26
M008,Med_08,13615.34
M018,Med_18,12202.08
M002,Med_02,11645.199999999999
M011,Med_11,10508.09
M012,Med_12,9741.01
M006,Med_06,9440.67
M009,Med_09,8779.92
M019,Med_19,7856.59
M015,Med_15,7251.35
M004,Med_04,7133.59
M013,Med_13,5320.58
M005,Med_05,4699.47
M014,Med_14,4633.59
M020,Med_20,4225.15
M016,Med_16,3069.0
M003,Med_03,2761.7599999999998
M001,Med_01,2193.22
M017,Med_17,1418.76
M010,Med_10,976.6
